signal_date,symbol,entry_price,exit_price,pnl_amount,pnl_percentage,cumulative_balance,outcome,vix_value,market_regime,exit_date_daily,days_to_result,z_score
2020-01-21,AXISBANK,717.6,749.36,4414.64,4.43,104414.64,HIT_TARGET,16.36,BULL_SLOPE_50,2020-02-10,13,-2.32
2020-01-21,HDFCBANK,622.2,612.05,-1624.0,-1.63,102790.64,HIT_STOP_LOSS,16.36,BULL_SLOPE_50,2020-01-27,4,-2.49
2020-01-22,AXISBANK,712.6,744.09,4408.6,4.42,107199.24,HIT_TARGET,15.86,BULL_SLOPE_50,2020-01-27,3,-2.25
2020-01-28,HDFCBANK,611.6,602.0,-1564.8,-1.57,105634.44,HIT_STOP_LOSS,16.5,BULL_SLOPE_50,2020-01-31,4,-2.31
2020-01-28,RELIANCE,701.4,681.38,-2842.84,-2.85,102791.6,HIT_STOP_LOSS,16.5,BULL_SLOPE_50,2020-01-30,3,-2.74
2020-01-30,RELIANCE,688.1,669.96,-2631.02,-2.64,100160.58,HIT_STOP_LOSS,17.37,BULL_SLOPE_50,2020-01-31,2,-2.64
2020-01-31,TCS,2079.05,2171.58,4441.44,4.45,104602.02,HIT_TARGET,16.84,BEAR_FLAT_50,2020-01-31,1,-2.76
2020-02-03,ICICIBANK,504.6,529.62,4953.96,4.96,109555.98,HIT_TARGET,14.38,BEAR_FLAT_50,2020-02-03,1,-2.97
2020-02-03,NIFTY,11661.85,12034.35,2980.0,3.19,112535.98,HIT_TARGET,14.38,BEAR_FLAT_50,2020-02-04,2,-2.96
2020-02-04,ITC,215.65,209.8,-2710.86,-2.72,109825.11,HIT_STOP_LOSS,14.17,BULL_SLOPE_50,2020-02-13,7,-2.88
2020-02-26,NIFTY,11678.5,11450.18,-1826.56,-1.96,107998.55,HIT_STOP_LOSS,17.77,BEAR_FLAT_50,2020-02-27,2,-2.26
2020-02-28,HDFCBANK,588.8,577.07,-1982.37,-1.99,106016.18,HIT_STOP_LOSS,23.24,BEAR_FLAT_50,2020-03-03,2,-2.32
2020-02-28,ICICIBANK,497.25,480.38,-3390.87,-3.39,102625.31,HIT_STOP_LOSS,23.24,BEAR_FLAT_50,2020-03-05,4,-2.51
2020-02-28,NIFTY,11201.75,10939.89,-2094.88,-2.34,100530.43,HIT_STOP_LOSS,23.24,BEAR_FLAT_50,2020-03-05,4,-3.05
2020-03-02,HDFCBANK,588.8,577.07,-1982.37,-1.99,98548.06,HIT_STOP_LOSS,24.54,BEAR_FLAT_50,2020-03-03,2,-2.32
2020-03-02,ICICIBANK,497.25,480.38,-3390.87,-3.39,95157.19,HIT_STOP_LOSS,24.54,BEAR_FLAT_50,2020-03-05,4,-2.51
2020-03-02,NIFTY,11201.75,10939.89,-2094.88,-2.34,93062.31,HIT_STOP_LOSS,24.54,BEAR_FLAT_50,2020-03-05,4,-3.05
2020-03-03,AXISBANK,687.15,668.64,-2683.95,-2.69,90378.36,HIT_STOP_LOSS,24.23,BEAR_FLAT_50,2020-03-03,1,-2.46
2020-03-04,AXISBANK,682.2,663.39,-2746.99,-2.76,87631.37,HIT_STOP_LOSS,23.25,BEAR_FLAT_50,2020-03-05,2,-2.21
2020-03-04,HDFCBANK,574.4,562.51,-2068.86,-2.07,85562.51,HIT_STOP_LOSS,23.25,BEAR_FLAT_50,2020-03-05,2,-2.55
2020-03-04,SBIN,285.3,272.26,-4565.75,-4.57,80996.76,HIT_STOP_LOSS,23.25,BEAR_FLAT_50,2020-03-04,1,-2.44
2020-03-11,INFY,686.0,661.56,-3543.8,-3.56,77452.96,HIT_STOP_LOSS,41.16,BEAR_FLAT_50,2020-03-11,1,-3.01
2020-03-12,ADANIENT,162.15,146.29,-9769.76,-9.78,67683.2,HIT_STOP_LOSS,51.47,BEAR_FLAT_50,2020-03-12,1,-3.05
2020-03-12,BHARTIARTL,456.4,495.09,8473.11,8.48,76156.31,HIT_TARGET,51.47,BEAR_FLAT_50,2020-03-12,1,-3.07
2020-03-12,POLYCAB,875.25,989.88,13067.82,13.1,89224.13,HIT_TARGET,51.47,BEAR_FLAT_50,2020-03-12,1,-3.1
2020-08-13,BHARTIARTL,525.5,512.14,-2537.45,-2.54,86686.68,HIT_STOP_LOSS,21.67,BULL_SLOPE_50,2020-08-17,2,-2.25
2020-08-14,BHARTIARTL,518.85,505.43,-2577.6,-2.59,84109.08,HIT_STOP_LOSS,21.67,BULL_SLOPE_50,2020-08-25,6,-2.31
2020-08-17,BHARTIARTL,518.85,505.43,-2577.6,-2.59,81531.48,HIT_STOP_LOSS,20.43,BULL_SLOPE_50,2020-08-25,6,-2.31
2020-08-18,BHARTIARTL,516.6,504.39,-2356.53,-2.36,79174.95,HIT_STOP_LOSS,19.96,BULL_SLOPE_50,2020-08-25,5,-2.28
2020-09-01,INFY,914.15,953.31,4268.44,4.28,83443.39,HIT_TARGET,21.11,BULL_SLOPE_50,2020-09-10,7,-2.96
2020-09-02,HINDUNILVR,2141.65,2109.88,-1461.65,-1.48,81981.74,HIT_STOP_LOSS,20.5,BULL_SLOPE_50,2020-09-14,7,-2.26
2020-09-08,SUNPHARMA,501.9,483.45,-3670.55,-3.68,78311.19,HIT_STOP_LOSS,22.23,BULL_SLOPE_50,2020-09-23,10,-2.25
2020-09-18,HUDCO,32.8,31.58,-3718.56,-3.72,74592.63,HIT_STOP_LOSS,20.05,BULL_SLOPE_50,2020-09-21,1,-2.27
2020-09-21,HUDCO,32.8,31.58,-3718.56,-3.72,70874.07,HIT_STOP_LOSS,21.41,BULL_SLOPE_50,2020-09-21,1,-2.27
2020-09-22,HUDCO,31.0,33.62,8449.5,8.45,79323.57,HIT_TARGET,20.99,BULL_SLOPE_50,2020-10-08,10,-2.6
2020-09-22,RVNL,19.2,18.45,-3879.96,-3.88,75443.61,HIT_STOP_LOSS,20.99,BULL_SLOPE_50,2020-10-13,12,-2.5
2020-09-24,ICICIBANK,335.7,363.87,8366.49,8.39,83810.1,HIT_TARGET,20.68,BULL_SLOPE_50,2020-09-30,4,-2.38
2020-09-24,ITC,166.55,175.1,5130.0,5.13,88940.1,HIT_TARGET,20.68,BULL_SLOPE_50,2020-11-05,24,-2.23
2020-09-24,BHARTIARTL,411.55,459.71,11654.72,11.7,100594.82,HIT_TARGET,20.68,BULL_SLOPE_50,2020-10-27,18,-2.41
2020-10-14,JWL,14.5,15.43,6413.28,6.41,107008.1,HIT_TARGET,22.06,BULL_SLOPE_50,2020-10-14,1,-2.43
2020-10-27,RELIANCE,969.65,938.53,-3204.85,-3.21,103803.25,HIT_STOP_LOSS,23.28,BULL_SLOPE_50,2020-11-02,4,-2.56
2020-10-28,RELIANCE,958.65,930.94,-2881.32,-2.89,100921.93,HIT_STOP_LOSS,24.02,BULL_SLOPE_50,2020-11-02,3,-2.32
2021-02-23,TCS,2980.2,2901.55,-2595.28,-2.64,98326.64,HIT_STOP_LOSS,24.17,BULL_SLOPE_50,2021-02-25,3,-2.25
2021-03-02,BHARTIARTL,531.25,507.64,-4437.74,-4.44,93888.9,HIT_STOP_LOSS,22.09,BULL_SLOPE_50,2021-03-08,4,-2.26
2021-03-10,JWL,17.5,16.55,-5428.3,-5.43,88460.6,HIT_STOP_LOSS,20.75,BULL_SLOPE_50,2021-03-16,3,-2.34
2021-03-11,JWL,17.5,16.55,-5428.3,-5.43,83032.3,HIT_STOP_LOSS,21.71,BULL_SLOPE_50,2021-03-16,3,-2.34
2021-03-17,SBIN,368.15,354.35,-3738.45,-3.75,79293.86,HIT_STOP_LOSS,20.08,BULL_SLOPE_50,2021-03-24,5,-2.23
2021-03-24,LT,1369.15,1319.86,-3598.17,-3.6,75695.69,HIT_STOP_LOSS,22.7,BULL_SLOPE_50,2021-04-19,13,-2.22
2021-03-25,NIFTY,14324.9,15141.54,4899.84,5.7,80595.53,HIT_TARGET,20.65,BULL_SLOPE_50,2021-05-20,29,-2.21
2021-03-31,SUZLON,4.6,4.33,-5869.53,-5.87,74726.0,HIT_STOP_LOSS,19.99,BULL_SLOPE_50,2021-04-12,6,-2.52
2021-07-20,RVNL,30.4,29.59,-2664.09,-2.66,72061.91,HIT_STOP_LOSS,13.21,BULL_SLOPE_50,2021-07-29,6,-2.62
2021-07-21,HUDCO,50.0,48.15,-3700.0,-3.7,68361.91,HIT_STOP_LOSS,11.89,BULL_SLOPE_50,2021-07-26,3,-2.02
2021-07-21,RVNL,30.4,29.59,-2664.09,-2.66,65697.82,HIT_STOP_LOSS,11.89,BULL_SLOPE_50,2021-07-29,6,-2.62
2021-07-23,RVNL,30.25,29.45,-2644.0,-2.64,63053.82,HIT_STOP_LOSS,11.76,BULL_SLOPE_50,2021-08-04,7,-2.06
2021-07-23,HINDUNILVR,2358.1,2441.1,3486.0,3.52,66539.82,HIT_TARGET,11.76,BULL_SLOPE_50,2021-08-16,13,-2.39
2021-07-26,HINDUNILVR,2358.1,2441.1,3486.0,3.52,70025.82,HIT_TARGET,13.23,BULL_SLOPE_50,2021-08-16,13,-2.39
2021-07-27,HINDUNILVR,2342.4,2415.5,3070.2,3.12,73096.02,HIT_TARGET,13.69,BULL_SLOPE_50,2021-08-16,12,-2.26
2021-07-28,SUZLON,6.1,5.54,-9098.11,-9.1,63997.9,HIT_STOP_LOSS,12.95,BULL_SLOPE_50,2021-08-19,13,-2.18
2021-07-28,AXISBANK,722.9,759.23,5013.54,5.03,69011.44,HIT_TARGET,12.95,BULL_SLOPE_50,2021-08-09,7,-2.08
2021-07-28,HDFCBANK,708.6,739.14,4306.14,4.31,73317.58,HIT_TARGET,12.95,BULL_SLOPE_50,2021-08-04,5,-2.11
2021-07-28,HUDCO,45.2,43.45,-3882.06,-3.88,69435.52,HIT_STOP_LOSS,12.95,BULL_SLOPE_50,2021-08-09,7,-2.54
2021-07-28,POLYCAB,1791.65,1910.88,6557.65,6.65,75993.17,HIT_TARGET,12.95,BULL_SLOPE_50,2021-08-12,10,-2.46
2021-07-29,SUZLON,5.85,5.31,-9230.76,-9.23,66762.41,HIT_STOP_LOSS,12.8,BULL_SLOPE_50,2021-08-19,12,-2.18
2021-07-29,HUDCO,45.4,43.67,-3809.46,-3.81,62952.95,HIT_STOP_LOSS,12.8,BULL_SLOPE_50,2021-08-04,4,-2.06
2021-07-30,AXISBANK,708.9,745.27,5128.17,5.13,68081.12,HIT_TARGET,12.8,BULL_SLOPE_50,2021-08-03,2,-2.27
2021-07-30,RELIANCE,970.0,1010.87,4209.61,4.21,72290.73,HIT_TARGET,12.8,BULL_SLOPE_50,2021-08-04,3,-2.01
2021-08-02,AXISBANK,708.9,745.27,5128.17,5.13,77418.9,HIT_TARGET,13.75,BULL_SLOPE_50,2021-08-03,2,-2.27
2021-08-20,JWL,30.75,35.46,15316.92,15.32,92735.82,HIT_TARGET,14.02,BULL_SLOPE_50,2021-09-08,11,-2.32
2021-08-23,JWL,30.75,35.46,15316.92,15.32,108052.74,HIT_TARGET,13.19,BULL_SLOPE_50,2021-09-08,11,-2.32
2021-10-28,HUDCO,43.15,45.13,4587.66,4.59,112640.4,HIT_TARGET,17.43,BULL_SLOPE_50,2021-11-08,5,-2.28
2021-10-29,HUDCO,42.85,44.28,3336.19,3.34,115976.59,HIT_TARGET,17.43,BULL_SLOPE_50,2021-11-08,4,-2.43
2021-11-01,HUDCO,42.85,44.28,3336.19,3.34,119312.78,HIT_TARGET,17.06,BULL_SLOPE_50,2021-11-08,4,-2.43
2021-11-26,SBIN,470.5,455.78,-3120.64,-3.13,116192.14,HIT_STOP_LOSS,20.8,BULL_SLOPE_50,2021-12-20,13,-2.37
2021-11-26,NIFTY,17026.45,16715.19,-1556.28,-1.83,114635.86,HIT_STOP_LOSS,20.8,BULL_SLOPE_50,2021-12-20,13,-2.72
2021-11-26,HINDUNILVR,2335.1,2301.52,-1410.15,-1.44,113225.71,HIT_STOP_LOSS,20.8,BULL_SLOPE_50,2021-12-14,10,-2.25
2021-11-29,SBIN,470.5,455.78,-3120.64,-3.13,110105.07,HIT_STOP_LOSS,21.17,BULL_SLOPE_50,2021-12-20,13,-2.37
2021-11-29,NIFTY,17026.45,16715.19,-1556.28,-1.83,108548.79,HIT_STOP_LOSS,21.17,BULL_SLOPE_50,2021-12-20,13,-2.72
2021-11-29,HINDUNILVR,2335.1,2301.52,-1410.15,-1.44,107138.64,HIT_STOP_LOSS,21.17,BULL_SLOPE_50,2021-12-14,10,-2.25
2021-11-30,SUNPHARMA,753.6,795.24,5496.48,5.53,112635.12,HIT_TARGET,19.45,BULL_SLOPE_50,2021-12-21,13,-2.45
2021-11-30,SBIN,460.55,491.37,6687.94,6.69,119323.06,HIT_TARGET,19.45,BULL_SLOPE_50,2021-12-07,5,-2.39
2021-11-30,NIFTY,16983.2,17596.66,3067.31,3.61,122390.37,HIT_TARGET,19.45,BULL_SLOPE_50,2022-01-03,20,-2.31
2021-12-01,SUNPHARMA,745.35,787.47,5644.08,5.65,128034.45,HIT_TARGET,18.09,BULL_SLOPE_50,2021-12-21,12,-2.34
2021-12-21,HDFCBANK,720.9,751.02,4156.56,4.18,132191.01,HIT_TARGET,16.58,BEAR_FLAT_50,2022-01-03,8,-2.73
2021-12-21,ADANIENT,1620.5,1724.96,6372.06,6.45,138563.07,HIT_TARGET,16.58,BEAR_FLAT_50,2021-12-27,4,-2.32
2022-02-15,SUZLON,8.9,10.62,19324.2,19.33,157887.27,HIT_TARGET,20.59,BEAR_FLAT_50,2022-04-06,28,-2.37
2022-02-16,JWL,41.8,38.23,-8527.48,-8.53,149359.79,HIT_STOP_LOSS,22.01,BEAR_FLAT_50,2022-02-23,5,-2.39
2022-02-16,HUDCO,36.9,35.89,-2737.1,-2.74,146622.69,HIT_STOP_LOSS,22.01,BEAR_FLAT_50,2022-02-21,3,-2.4
2022-02-17,ICICIBANK,750.35,732.75,-2340.8,-2.35,144281.89,HIT_STOP_LOSS,22.17,BEAR_FLAT_50,2022-02-23,4,-2.55
2022-02-22,HUDCO,33.55,32.32,-3665.4,-3.67,140616.49,HIT_STOP_LOSS,24.54,BEAR_FLAT_50,2022-02-23,2,-2.56
2022-02-22,RVNL,31.2,30.14,-3413.32,-3.41,137203.17,HIT_STOP_LOSS,24.54,BEAR_FLAT_50,2022-02-23,2,-2.4
2022-02-24,SBIN,472.65,457.18,-3265.22,-3.27,133937.94,HIT_STOP_LOSS,26.74,BEAR_FLAT_50,2022-03-07,5,-2.74
2022-02-24,RVNL,29.2,31.69,8525.76,8.53,142463.7,HIT_TARGET,26.74,BEAR_FLAT_50,2022-03-02,3,-2.61
2022-02-25,HINDUNILVR,2170.7,2122.55,-2214.9,-2.22,140248.8,HIT_STOP_LOSS,26.74,BEAR_FLAT_50,2022-03-02,2,-2.56
2022-02-28,HINDUNILVR,2170.7,2122.55,-2214.9,-2.22,138033.9,HIT_STOP_LOSS,28.57,BEAR_FLAT_50,2022-03-02,2,-2.56
2022-03-01,HINDUNILVR,2170.7,2122.55,-2214.9,-2.22,135819.0,HIT_STOP_LOSS,29.23,BEAR_FLAT_50,2022-03-02,2,-2.56
2022-03-02,HDFCBANK,687.1,661.47,-3716.35,-3.73,132102.65,HIT_STOP_LOSS,28.16,BEAR_FLAT_50,2022-03-07,3,-2.94
2022-03-04,HINDUNILVR,2019.5,1965.96,-2623.22,-2.65,129479.44,HIT_STOP_LOSS,27.96,BEAR_FLAT_50,2022-03-07,1,-2.75
2022-03-07,HINDUNILVR,2019.5,1965.96,-2623.22,-2.65,126856.22,HIT_STOP_LOSS,28.59,BEAR_FLAT_50,2022-03-07,1,-2.75
2022-03-08,AXISBANK,670.4,722.5,7762.9,7.77,134619.12,HIT_TARGET,27.47,BEAR_FLAT_50,2022-03-15,5,-2.83
2022-03-08,HINDUNILVR,1949.0,2067.81,6059.31,6.1,140678.43,HIT_TARGET,27.47,BEAR_FLAT_50,2022-03-09,2,-2.67
2022-04-12,INFY,1742.45,1694.16,-2752.25,-2.77,137926.19,HIT_STOP_LOSS,17.79,BULL_SLOPE_50,2022-04-18,2,-2.39
2022-04-19,TCS,3471.9,3612.98,3950.24,4.06,141876.43,HIT_TARGET,18.67,BEAR_FLAT_50,2022-04-20,2,-2.87
2022-04-20,INFY,1587.7,1527.84,-3711.32,-3.77,138165.11,HIT_STOP_LOSS,17.85,BULL_SLOPE_50,2022-05-10,11,-2.43
2022-05-04,AXISBANK,707.2,683.23,-3380.48,-3.39,134784.63,HIT_STOP_LOSS,20.29,BEAR_FLAT_50,2022-05-05,2,-2.27
2022-05-04,SBIN,479.65,467.41,-2544.88,-2.55,132239.75,HIT_STOP_LOSS,20.29,BEAR_FLAT_50,2022-05-10,4,-2.37
2022-05-05,AXISBANK,702.35,677.99,-3459.12,-3.47,128780.63,HIT_STOP_LOSS,21.25,BEAR_FLAT_50,2022-05-05,1,-2.25
2022-05-06,AXISBANK,673.4,647.8,-3788.8,-3.8,124991.83,HIT_STOP_LOSS,21.25,BEAR_FLAT_50,2022-05-11,3,-2.56
2022-05-09,AXISBANK,673.4,647.8,-3788.8,-3.8,121203.03,HIT_STOP_LOSS,22.3,BEAR_FLAT_50,2022-05-11,3,-2.56
2022-05-10,AXISBANK,659.75,634.05,-3880.7,-3.9,117322.33,HIT_STOP_LOSS,22.8,BEAR_FLAT_50,2022-05-12,3,-2.35
2022-05-10,SUNPHARMA,861.85,838.27,-2734.7,-2.74,114587.63,HIT_STOP_LOSS,22.8,BEAR_FLAT_50,2022-05-11,2,-2.6
2022-05-11,SUNPHARMA,854.8,902.19,5497.24,5.54,120084.87,HIT_TARGET,24.27,BEAR_FLAT_50,2022-05-17,4,-2.34
2022-05-11,HUDCO,32.2,31.04,-3617.32,-3.62,116467.55,HIT_STOP_LOSS,24.27,BEAR_FLAT_50,2022-05-11,1,-2.39
2022-05-11,RVNL,31.15,30.21,-3001.35,-3.0,113466.2,HIT_STOP_LOSS,24.27,BEAR_FLAT_50,2022-05-11,1,-2.31
2022-05-12,ICICIBANK,695.8,679.22,-2370.23,-2.38,111095.97,HIT_STOP_LOSS,23.49,BEAR_FLAT_50,2022-05-12,1,-2.3
2022-05-12,HUDCO,31.4,33.62,7068.48,7.07,118164.45,HIT_TARGET,23.49,BEAR_FLAT_50,2022-05-17,3,-2.43
2022-05-12,RVNL,30.45,32.32,6141.08,6.14,124305.53,HIT_TARGET,23.49,BEAR_FLAT_50,2022-05-17,3,-2.33
2022-05-13,ICICIBANK,677.35,713.08,5252.31,5.27,129557.84,HIT_TARGET,23.49,BEAR_FLAT_50,2022-05-17,2,-2.49
2022-05-16,ICICIBANK,677.35,713.08,5252.31,5.27,134810.15,HIT_TARGET,22.74,BEAR_FLAT_50,2022-05-17,2,-2.49
2022-05-19,BHARTIARTL,674.25,652.24,-3258.22,-3.27,131551.93,HIT_STOP_LOSS,23.1,BEAR_FLAT_50,2022-06-15,16,-2.28
2022-06-16,NIFTY,15360.6,16137.98,4664.28,5.06,136216.21,HIT_TARGET,22.76,BEAR_FLAT_50,2022-07-06,12,-2.35
2022-06-16,BHARTIARTL,654.2,632.05,-3366.8,-3.39,132849.41,HIT_STOP_LOSS,22.76,BEAR_FLAT_50,2022-07-13,16,-2.43
2022-06-17,BHARTIARTL,643.65,686.96,6713.05,6.73,139562.46,HIT_TARGET,22.76,BEAR_FLAT_50,2022-06-28,6,-2.51
2022-06-20,BHARTIARTL,643.65,686.96,6713.05,6.73,146275.51,HIT_TARGET,21.14,BEAR_FLAT_50,2022-06-28,6,-2.51
2022-07-14,TCS,2998.75,3230.22,7638.51,7.72,153914.02,HIT_TARGET,17.6,BEAR_FLAT_50,2022-07-27,8,-2.2
2022-09-23,RELIANCE,1162.7,1134.57,-2419.18,-2.42,151494.84,HIT_STOP_LOSS,20.59,BULL_SLOPE_50,2022-09-26,1,-2.23
2022-09-26,RELIANCE,1162.7,1134.57,-2419.18,-2.42,149075.66,HIT_STOP_LOSS,21.57,BULL_SLOPE_50,2022-09-26,1,-2.23
2022-09-27,NIFTY,17007.4,17602.21,2974.05,3.5,152049.71,HIT_TARGET,22.1,BULL_SLOPE_50,2022-10-18,12,-2.74
2022-09-27,RELIANCE,1142.05,1114.12,-2429.91,-2.45,149619.8,HIT_STOP_LOSS,22.1,BULL_SLOPE_50,2022-09-27,1,-2.35
2022-09-28,HDFCBANK,694.8,726.34,4510.22,4.54,154130.02,HIT_TARGET,21.3,BULL_SLOPE_50,2022-10-03,3,-2.64
2022-09-28,NIFTY,16858.6,17446.98,2941.9,3.49,157071.92,HIT_TARGET,21.3,BULL_SLOPE_50,2022-10-17,10,-2.57
2022-09-28,RELIANCE,1111.65,1170.44,5232.31,5.29,162304.23,HIT_TARGET,21.3,BULL_SLOPE_50,2022-10-17,10,-2.54
2022-09-29,HDFCBANK,691.2,722.76,4544.64,4.57,166848.87,HIT_TARGET,19.97,BULL_SLOPE_50,2022-10-03,2,-2.29
2022-09-29,NIFTY,16818.1,17409.09,2954.95,3.51,169803.82,HIT_TARGET,19.97,BULL_SLOPE_50,2022-10-05,3,-2.2
2022-12-20,INFY,1507.3,1474.61,-2157.54,-2.17,167646.28,HIT_STOP_LOSS,15.56,BULL_SLOPE_50,2023-01-04,10,-2.21
2022-12-21,ICICIBANK,892.25,876.44,-1770.16,-1.77,165876.12,HIT_STOP_LOSS,15.19,BULL_SLOPE_50,2022-12-22,2,-2.26
2022-12-21,BHARTIARTL,814.0,802.16,-1444.48,-1.45,164431.64,HIT_STOP_LOSS,15.19,BULL_SLOPE_50,2022-12-27,4,-2.34
2022-12-22,ITC,332.45,327.69,-1426.5,-1.43,163005.14,HIT_STOP_LOSS,16.16,BULL_SLOPE_50,2022-12-22,1,-2.25
2022-12-23,ICICIBANK,878.9,911.83,3721.09,3.75,166726.23,HIT_TARGET,16.16,BULL_SLOPE_50,2022-12-28,3,-2.22
2022-12-23,SBIN,574.0,594.94,3643.56,3.65,170369.79,HIT_TARGET,16.16,BULL_SLOPE_50,2022-12-26,1,-2.99
2022-12-23,NIFTY,17806.8,17577.28,-1147.57,-1.29,169222.22,HIT_STOP_LOSS,16.16,BULL_SLOPE_50,2023-01-26,19,-2.64
2022-12-26,ICICIBANK,878.9,911.83,3721.09,3.75,172943.31,HIT_TARGET,15.29,BULL_SLOPE_50,2022-12-28,3,-2.22
2022-12-26,SBIN,574.0,594.94,3643.56,3.65,176586.87,HIT_TARGET,15.29,BULL_SLOPE_50,2022-12-26,1,-2.99
2022-12-26,NIFTY,17806.8,17577.28,-1147.57,-1.29,175439.29,HIT_STOP_LOSS,15.29,BULL_SLOPE_50,2023-01-26,19,-2.64
2023-01-10,HDFCBANK,784.2,811.64,3484.88,3.5,178924.17,HIT_TARGET,15.44,BULL_SLOPE_50,2023-01-17,5,-2.49
2023-01-11,BHARTIARTL,765.55,748.93,-2159.95,-2.17,176764.22,HIT_STOP_LOSS,15.28,BULL_SLOPE_50,2023-02-27,26,-2.88
2023-01-26,AXISBANK,892.35,870.54,-2443.28,-2.44,174320.94,HIT_STOP_LOSS,17.32,BULL_SLOPE_50,2023-01-26,1,-2.24
2023-01-26,RELIANCE,1135.5,1115.21,-1785.52,-1.79,172535.42,HIT_STOP_LOSS,17.32,BULL_SLOPE_50,2023-01-26,1,-2.34
2023-01-27,AXISBANK,873.75,851.35,-2553.6,-2.56,169981.82,HIT_STOP_LOSS,17.32,BULL_SLOPE_50,2023-01-31,2,-2.56
2023-01-27,HUDCO,45.75,43.53,-4850.7,-4.85,165131.12,HIT_STOP_LOSS,17.32,BULL_SLOPE_50,2023-02-22,15,-2.3
2023-01-27,RELIANCE,1114.0,1158.24,3937.36,3.97,169068.48,HIT_TARGET,17.32,BULL_SLOPE_50,2023-02-14,10,-2.54
2023-01-30,AXISBANK,873.75,851.35,-2553.6,-2.56,166514.88,HIT_STOP_LOSS,16.88,BEAR_FLAT_50,2023-01-31,2,-2.56
2023-01-30,HUDCO,45.75,43.53,-4850.7,-4.85,161664.18,HIT_STOP_LOSS,16.88,BEAR_FLAT_50,2023-02-22,15,-2.3
2023-01-30,RELIANCE,1114.0,1158.24,3937.36,3.97,165601.54,HIT_TARGET,16.88,BEAR_FLAT_50,2023-02-14,10,-2.54
2023-01-31,AXISBANK,871.6,850.28,-2430.48,-2.45,163171.06,HIT_STOP_LOSS,16.78,BEAR_FLAT_50,2023-01-31,1,-2.26
2023-02-01,AXISBANK,857.25,837.06,-2342.62,-2.36,160828.44,HIT_STOP_LOSS,15.73,BEAR_FLAT_50,2023-02-01,1,-2.27
2023-02-01,SBIN,527.35,512.4,-2824.61,-2.83,158003.84,HIT_STOP_LOSS,15.73,BEAR_FLAT_50,2023-02-01,1,-2.62
2023-02-21,RVNL,64.95,61.31,-5601.96,-5.6,152401.88,HIT_STOP_LOSS,15.59,BEAR_FLAT_50,2023-02-27,4,-2.49
2023-02-22,RVNL,62.3,58.91,-5448.97,-5.45,146952.9,HIT_STOP_LOSS,15.08,BEAR_FLAT_50,2023-02-27,3,-2.53
2023-03-15,RELIANCE,1066.2,1127.02,5656.26,5.7,152609.16,HIT_TARGET,16.22,BEAR_FLAT_50,2023-04-11,13,-2.38
2023-03-28,JWL,86.05,95.49,10969.28,10.97,163578.44,HIT_TARGET,13.63,BEAR_FLAT_50,2023-04-04,3,-2.9
2023-06-15,ICICIBANK,926.6,916.42,-1089.26,-1.1,162489.18,HIT_STOP_LOSS,10.84,BULL_SLOPE_50,2023-06-19,2,-2.44
2023-06-15,SBIN,566.5,556.96,-1679.92,-1.68,160809.26,HIT_STOP_LOSS,10.84,BULL_SLOPE_50,2023-06-22,5,-2.44
2023-06-23,ADANIENT,2233.55,2513.31,12309.44,12.53,173118.7,HIT_TARGET,11.24,BULL_SLOPE_50,2023-07-31,20,-2.97
2023-06-23,SBIN,554.6,572.79,3274.2,3.28,176392.9,HIT_TARGET,11.24,BULL_SLOPE_50,2023-06-27,2,-2.31
2023-06-26,ADANIENT,2233.55,2513.31,12309.44,12.53,188702.34,HIT_TARGET,10.78,BULL_SLOPE_50,2023-07-31,20,-2.97
2023-06-26,SBIN,554.6,572.79,3274.2,3.28,191976.54,HIT_TARGET,10.78,BULL_SLOPE_50,2023-06-27,2,-2.31
2023-06-27,ADANIENT,2284.45,2438.86,6639.63,6.76,198616.17,HIT_TARGET,10.89,BULL_SLOPE_50,2023-07-10,7,-2.12
2023-07-25,HINDUNILVR,2568.15,2518.25,-1896.2,-1.94,196719.97,HIT_STOP_LOSS,10.46,BULL_SLOPE_50,2023-08-10,11,-2.47
2023-08-03,AXISBANK,935.55,975.66,4251.66,4.29,200971.63,HIT_TARGET,10.57,BULL_SLOPE_50,2023-08-22,10,-2.14
2023-08-16,BHARTIARTL,856.95,882.4,2952.2,2.97,203923.83,HIT_TARGET,12.24,BULL_SLOPE_50,2023-09-05,12,-2.61
2023-08-17,BHARTIARTL,856.7,881.81,2912.76,2.93,206836.59,HIT_TARGET,12.14,BULL_SLOPE_50,2023-09-05,11,-2.16
2023-08-29,RELIANCE,1210.2,1185.54,-2022.12,-2.04,204814.47,HIT_STOP_LOSS,11.8,BULL_SLOPE_50,2023-09-19,12,-2.59
2023-08-31,RELIANCE,1203.5,1182.84,-1714.78,-1.72,203099.69,HIT_STOP_LOSS,11.37,BULL_SLOPE_50,2023-09-19,10,-2.06
2023-09-29,ADANIENT,2413.9,2514.73,4134.03,4.18,207233.72,HIT_TARGET,11.45,BULL_SLOPE_50,2023-10-05,4,-2.13
2023-10-25,JWL,280.8,320.51,14136.76,14.14,221370.48,HIT_TARGET,11.73,BEAR_FLAT_50,2023-10-30,3,-2.81
2023-10-25,ADANIENT,2257.0,2196.07,-2680.7,-2.7,218689.78,HIT_STOP_LOSS,11.73,BEAR_FLAT_50,2023-10-25,1,-3.29
2023-10-25,RVNL,151.15,144.61,-4322.94,-4.33,214366.84,HIT_STOP_LOSS,11.73,BEAR_FLAT_50,2023-10-25,1,-3.24
2023-10-26,HDFCBANK,731.7,757.08,3451.68,3.47,217818.52,HIT_TARGET,10.91,BEAR_FLAT_50,2023-11-15,11,-3.15
2023-10-26,ADANIENT,2203.2,2321.86,5339.7,5.39,223158.22,HIT_TARGET,10.91,BEAR_FLAT_50,2023-11-27,17,-2.92
2023-10-26,NIFTY,18857.25,19306.96,2248.55,2.38,225406.77,HIT_TARGET,10.91,BEAR_FLAT_50,2023-11-06,6,-3.14
2024-01-12,POLYCAB,3980.9,4556.75,14396.25,14.47,239803.02,HIT_TARGET,13.1,BULL_SLOPE_50,2024-02-14,19,-2.55
2024-01-15,POLYCAB,3980.9,4556.75,14396.25,14.47,254199.27,HIT_TARGET,13.57,BULL_SLOPE_50,2024-02-14,19,-2.55
2024-01-31,ITC,441.55,430.88,-2412.55,-2.42,251786.72,HIT_STOP_LOSS,14.46,BULL_SLOPE_50,2024-02-05,3,-2.26
2024-03-05,SUZLON,40.7,38.31,-5884.51,-5.88,245902.21,HIT_STOP_LOSS,14.3,BULL_SLOPE_50,2024-03-06,2,-2.3
2024-03-05,INFY,1606.5,1568.91,-2330.58,-2.34,243571.63,HIT_STOP_LOSS,14.3,BULL_SLOPE_50,2024-03-18,7,-2.79
2024-03-06,SUZLON,38.7,36.33,-6121.71,-6.12,237449.92,HIT_STOP_LOSS,13.61,BULL_SLOPE_50,2024-03-13,4,-2.49
2024-03-13,HUDCO,164.15,188.94,15097.11,15.1,252547.03,HIT_TARGET,13.62,BULL_SLOPE_50,2024-03-14,2,-3.26
2024-03-20,AXISBANK,1034.75,1084.89,4813.44,4.85,257360.47,HIT_TARGET,12.51,BULL_SLOPE_50,2024-04-08,10,-2.08
2024-03-20,INFY,1554.95,1518.61,-2326.08,-2.34,255034.39,HIT_STOP_LOSS,12.51,BULL_SLOPE_50,2024-03-21,2,-2.19
2024-03-21,HINDUNILVR,2242.35,2203.84,-1694.44,-1.72,253339.95,HIT_STOP_LOSS,12.22,BULL_SLOPE_50,2024-04-15,12,-2.12
2024-03-22,INFY,1508.85,1471.44,-2469.06,-2.48,250870.89,HIT_STOP_LOSS,12.22,BULL_SLOPE_50,2024-04-03,6,-2.38
2024-03-25,INFY,1508.85,1471.44,-2469.06,-2.48,248401.83,HIT_STOP_LOSS,12.82,BULL_SLOPE_50,2024-04-03,6,-2.38
2024-03-26,INFY,1492.65,1455.26,-2467.74,-2.5,245934.09,HIT_STOP_LOSS,12.7,BULL_SLOPE_50,2024-04-15,10,-2.22
2024-03-27,TCS,3840.9,3840.9,0.0,0.0,245934.09,EXPIRED,12.83,BULL_SLOPE_50,,30,-2.05
2024-05-07,ADANIENT,2835.95,3024.29,6591.9,6.64,252525.99,HIT_TARGET,17.08,BULL_SLOPE_50,2024-05-13,4,-2.56
2024-05-09,HDFCBANK,723.8,756.72,4542.96,4.55,257068.95,HIT_TARGET,18.47,BULL_SLOPE_50,2024-05-23,10,-2.56
2024-05-09,ADANIENT,2766.65,2961.26,7005.96,7.03,264074.91,HIT_TARGET,18.47,BULL_SLOPE_50,2024-05-13,2,-2.21
2024-05-09,RELIANCE,1394.1,1439.53,3225.53,3.26,267300.44,HIT_TARGET,18.47,BULL_SLOPE_50,2024-05-20,7,-2.49
2024-05-10,HDFCBANK,719.0,749.66,4261.74,4.26,271562.18,HIT_TARGET,18.47,BULL_SLOPE_50,2024-05-23,9,-2.45
2024-05-13,HDFCBANK,719.0,749.66,4261.74,4.26,275823.92,HIT_TARGET,20.2,BULL_SLOPE_50,2024-05-23,9,-2.45
2024-06-04,SUNPHARMA,1429.85,1488.82,4068.93,4.12,279892.85,HIT_TARGET,18.89,BULL_SLOPE_50,2024-06-04,1,-2.3
2024-06-04,ITC,415.2,433.73,4447.2,4.46,284340.05,HIT_TARGET,18.89,BULL_SLOPE_50,2024-06-04,1,-2.57
2024-07-22,ADANIENT,3005.7,2948.56,-1885.62,-1.9,282454.43,HIT_STOP_LOSS,12.75,BULL_SLOPE_50,2024-07-22,1,-2.02
2024-07-23,JWL,620.75,591.44,-4718.91,-4.72,277735.52,HIT_STOP_LOSS,11.76,BULL_SLOPE_50,2024-08-01,7,-2.09
2024-07-26,AXISBANK,1177.35,1146.68,-2575.86,-2.6,275159.66,HIT_STOP_LOSS,12.25,BULL_SLOPE_50,2024-08-05,5,-2.43
2024-07-29,AXISBANK,1177.35,1146.68,-2575.86,-2.6,272583.8,HIT_STOP_LOSS,12.88,BULL_SLOPE_50,2024-08-05,5,-2.43
2024-07-30,AXISBANK,1170.0,1138.81,-2651.57,-2.67,269932.22,HIT_STOP_LOSS,13.25,BULL_SLOPE_50,2024-08-05,4,-2.21
2024-08-06,ICICIBANK,1166.85,1210.22,3686.45,3.72,273618.67,HIT_TARGET,16.17,BULL_SLOPE_50,2024-08-26,11,-2.36
2024-08-06,SBIN,797.7,771.65,-3256.87,-3.27,270361.8,HIT_STOP_LOSS,16.17,BULL_SLOPE_50,2024-09-10,20,-2.73
2024-09-05,HUDCO,262.0,249.68,-4695.82,-4.7,265665.97,HIT_STOP_LOSS,15.22,BULL_SLOPE_50,2024-09-10,3,-2.21
2024-09-06,HUDCO,254.1,241.61,-4910.53,-4.92,260755.44,HIT_STOP_LOSS,15.22,BULL_SLOPE_50,2024-09-17,6,-2.43
2024-09-09,HUDCO,254.1,241.61,-4910.53,-4.92,255844.9,HIT_STOP_LOSS,13.36,BULL_SLOPE_50,2024-09-17,6,-2.43
2024-09-10,SBIN,782.65,824.91,5367.02,5.4,261211.92,HIT_TARGET,13.63,BULL_SLOPE_50,2024-10-28,27,-2.28
2024-09-11,HUDCO,245.95,234.69,-4569.53,-4.58,256642.39,HIT_STOP_LOSS,13.18,BULL_SLOPE_50,2024-09-18,5,-2.21
2024-09-17,RVNL,530.55,508.42,-4160.44,-4.17,252481.95,HIT_STOP_LOSS,13.37,BULL_SLOPE_50,2024-09-18,2,-2.28
2024-09-18,TCS,4346.15,4253.32,-2135.09,-2.14,250346.86,HIT_STOP_LOSS,12.47,BULL_SLOPE_50,2024-09-19,2,-2.11
2024-09-18,RVNL,528.6,511.41,-3249.85,-3.25,247097.01,HIT_STOP_LOSS,12.47,BULL_SLOPE_50,2024-09-18,1,-2.0
2024-09-19,RVNL,510.2,545.2,6860.0,6.86,253957.01,HIT_TARGET,12.79,BULL_SLOPE_50,2024-09-19,1,-2.37
2024-09-19,POLYCAB,6475.85,6763.41,4313.4,4.44,258270.41,HIT_TARGET,12.79,BULL_SLOPE_50,2024-09-25,4,-2.92
2024-09-24,TCS,4271.3,4203.62,-1556.64,-1.58,256713.77,HIT_STOP_LOSS,12.74,BULL_SLOPE_50,2024-10-09,9,-2.17
2024-10-22,IREDA,199.52,191.17,-4184.85,-4.19,252528.92,HIT_STOP_LOSS,14.62,BEAR_FLAT_50,2024-10-22,1,-3.28
2024-10-30,INFY,1802.1,1756.27,-2520.65,-2.54,250008.27,HIT_STOP_LOSS,15.55,BEAR_FLAT_50,2024-10-30,1,-2.26
2024-10-31,INFY,1757.25,1857.22,5598.32,5.69,255606.59,HIT_TARGET,15.9,BEAR_FLAT_50,2024-11-11,6,-2.53
2024-11-12,RELIANCE,1274.25,1249.87,-1901.64,-1.91,253704.95,HIT_STOP_LOSS,15.44,BEAR_FLAT_50,2024-11-12,1,-2.28
2024-11-22,ADANIENT,2228.0,2589.58,15909.52,16.23,269614.47,HIT_TARGET,16.1,BEAR_FLAT_50,2024-12-31,21,-2.61
2024-11-25,ADANIENT,2228.0,2589.58,15909.52,16.23,285523.99,HIT_TARGET,15.3,BEAR_FLAT_50,2024-12-31,21,-2.61
2024-12-19,AXISBANK,1108.9,1089.41,-1754.55,-1.76,283769.44,HIT_STOP_LOSS,15.07,BEAR_FLAT_50,2024-12-19,1,-2.22
2024-12-20,AXISBANK,1071.85,1050.55,-1980.9,-1.99,281788.54,HIT_STOP_LOSS,15.07,BEAR_FLAT_50,2025-01-09,11,-3.03
2024-12-23,AXISBANK,1071.85,1050.55,-1980.9,-1.99,279807.64,HIT_STOP_LOSS,13.18,BEAR_FLAT_50,2025-01-09,11,-3.03
2025-01-13,SUZLON,55.57,52.76,-5056.99,-5.06,274750.65,HIT_STOP_LOSS,15.47,BEAR_FLAT_50,2025-01-23,8,-2.41
2025-01-14,POLYCAB,6474.7,6265.43,-3139.12,-3.23,271611.52,HIT_STOP_LOSS,15.26,BEAR_FLAT_50,2025-01-21,5,-2.31
2025-01-17,AXISBANK,991.05,963.23,-2782.0,-2.81,268829.52,HIT_STOP_LOSS,15.75,BEAR_FLAT_50,2025-01-20,1,-2.26
2025-01-20,AXISBANK,991.05,963.23,-2782.0,-2.81,266047.52,HIT_STOP_LOSS,17.05,BEAR_FLAT_50,2025-01-20,1,-2.26
2025-01-21,AXISBANK,970.2,1029.51,6108.93,6.11,272156.45,HIT_TARGET,16.77,BEAR_FLAT_50,2025-02-27,23,-2.42
2025-01-21,INFY,1800.7,1901.02,5517.6,5.57,277674.05,HIT_TARGET,16.77,BEAR_FLAT_50,2025-02-03,9,-2.55
2025-02-18,IREDA,160.91,178.53,10943.26,10.95,288617.31,HIT_TARGET,15.42,BEAR_FLAT_50,2025-02-20,3,-2.29
2025-02-18,RVNL,333.35,333.35,0.0,0.0,288617.31,EXPIRED,15.42,BEAR_FLAT_50,,30,-2.28
2025-04-07,INFY,1451.65,1390.33,-4170.1,-4.22,284447.21,HIT_STOP_LOSS,20.44,BEAR_FLAT_50,2025-04-08,2,-2.21
2025-04-08,TCS,3292.95,3471.11,5344.8,5.41,289792.01,HIT_TARGET,21.43,BEAR_FLAT_50,2025-04-24,9,-2.41
2025-04-09,TCS,3246.6,3424.27,5330.1,5.47,295122.11,HIT_TARGET,21.43,BEAR_FLAT_50,2025-04-24,8,-2.29
2025-04-10,TCS,3246.6,3424.27,5330.1,5.47,300452.21,HIT_TARGET,20.11,BEAR_FLAT_50,2025-04-24,8,-2.29
2025-05-06,JWL,340.15,329.12,-3233.25,-3.24,297218.96,HIT_STOP_LOSS,19.06,BULL_SLOPE_50,2025-05-08,3,-2.65
2025-06-18,HINDUNILVR,2297.3,2373.7,3285.2,3.33,300504.16,HIT_TARGET,14.26,BULL_SLOPE_50,2025-07-07,11,-2.33
2025-06-19,JWL,365.75,347.69,-4930.38,-4.94,295573.78,HIT_STOP_LOSS,13.67,BULL_SLOPE_50,2025-07-28,22,-2.61
2025-06-19,IREDA,158.75,171.69,8139.26,8.15,303713.04,HIT_TARGET,13.67,BULL_SLOPE_50,2025-06-24,3,-2.47
2025-06-24,HINDUNILVR,2263.1,2336.9,3247.2,3.26,306960.24,HIT_TARGET,12.96,BULL_SLOPE_50,2025-07-03,7,-2.32
2025-07-15,TCS,3252.3,3196.2,-1683.0,-1.72,305277.24,HIT_STOP_LOSS,11.24,BULL_SLOPE_50,2025-07-17,3,-2.64
2025-07-15,LT,3494.0,3435.76,-1630.72,-1.67,303646.52,HIT_STOP_LOSS,11.24,BULL_SLOPE_50,2025-07-28,8,-2.47
2025-07-16,TCS,3233.1,3175.98,-1713.6,-1.77,301932.92,HIT_STOP_LOSS,11.24,BULL_SLOPE_50,2025-07-21,3,-2.36
2025-07-17,TCS,3209.2,3153.46,-1727.94,-1.74,300204.98,HIT_STOP_LOSS,11.39,BULL_SLOPE_50,2025-07-23,4,-2.19
2025-07-17,LT,3474.0,3420.39,-1501.08,-1.54,298703.9,HIT_STOP_LOSS,11.39,BULL_SLOPE_50,2025-07-28,6,-2.13
2025-07-18,TCS,3189.9,3133.38,-1752.12,-1.77,296951.78,HIT_STOP_LOSS,11.39,BULL_SLOPE_50,2025-07-24,4,-2.02
2025-07-18,AXISBANK,1099.3,1076.73,-2031.3,-2.05,294920.48,HIT_STOP_LOSS,11.39,BULL_SLOPE_50,2025-07-24,4,-2.62
2025-07-21,TCS,3189.9,3133.38,-1752.12,-1.77,293168.36,HIT_STOP_LOSS,10.75,BULL_SLOPE_50,2025-07-24,4,-2.02
2025-07-21,AXISBANK,1099.3,1076.73,-2031.3,-2.05,291137.06,HIT_STOP_LOSS,10.75,BULL_SLOPE_50,2025-07-24,4,-2.62
2025-07-22,TCS,3159.6,3107.01,-1630.29,-1.66,289506.77,HIT_STOP_LOSS,10.52,BULL_SLOPE_50,2025-07-28,4,-2.02
2025-07-22,AXISBANK,1098.0,1076.23,-1981.07,-1.98,287525.7,HIT_STOP_LOSS,10.52,BULL_SLOPE_50,2025-07-24,3,-2.18
2025-07-22,RVNL,372.25,365.25,-1876.0,-1.88,285649.7,HIT_STOP_LOSS,10.52,BULL_SLOPE_50,2025-07-24,3,-2.03
2025-09-23,HINDUNILVR,2522.2,2635.48,4417.92,4.49,290067.62,HIT_TARGET,10.52,BULL_SLOPE_50,2025-10-22,16,-2.26
2025-11-06,RVNL,317.8,310.43,-2314.18,-2.32,287753.44,HIT_STOP_LOSS,12.56,BULL_SLOPE_50,2025-11-11,3,-2.04
2025-11-07,ADANIENT,2369.4,2497.82,5393.64,5.42,293147.08,HIT_TARGET,12.56,BULL_SLOPE_50,2025-11-11,2,-2.04
2025-11-10,ADANIENT,2369.4,2497.82,5393.64,5.42,298540.72,HIT_TARGET,12.49,BULL_SLOPE_50,2025-11-11,2,-2.04
2025-11-24,IREDA,144.41,141.44,-2055.24,-2.06,296485.48,HIT_STOP_LOSS,12.24,BULL_SLOPE_50,2025-11-24,1,-2.18
2025-11-25,JWL,289.0,282.87,-2122.71,-2.12,294362.77,HIT_STOP_LOSS,11.97,BULL_SLOPE_50,2025-12-01,4,-2.25
2025-11-25,IREDA,141.36,138.26,-2190.99,-2.19,292171.78,HIT_STOP_LOSS,11.97,BULL_SLOPE_50,2025-12-02,5,-2.52
2025-12-02,POLYCAB,7347.0,7190.1,-2039.7,-2.14,290132.08,HIT_STOP_LOSS,11.21,BULL_SLOPE_50,2025-12-04,3,-2.1
2025-12-03,IREDA,136.84,133.35,-2544.05,-2.55,287588.03,HIT_STOP_LOSS,10.82,BULL_SLOPE_50,2025-12-04,2,-2.21
2025-12-03,POLYCAB,7227.0,7058.4,-2191.8,-2.33,285396.23,HIT_STOP_LOSS,10.82,BULL_SLOPE_50,2025-12-08,3,-2.47
2025-12-04,SUZLON,50.85,54.14,6472.07,6.47,291868.3,HIT_TARGET,10.31,BULL_SLOPE_50,2025-12-23,11,-2.23
2025-12-05,JWL,267.05,260.3,-2526.37,-2.53,289341.93,HIT_STOP_LOSS,10.31,BULL_SLOPE_50,2025-12-08,1,-2.04
2025-12-08,JWL,267.05,260.3,-2526.37,-2.53,286815.56,HIT_STOP_LOSS,10.95,BULL_SLOPE_50,2025-12-08,1,-2.04
2025-12-09,JWL,260.85,253.86,-2677.17,-2.68,284138.39,HIT_STOP_LOSS,10.91,BULL_SLOPE_50,2025-12-09,1,-2.09
2025-12-09,HUDCO,213.48,204.3,-4298.11,-4.3,279840.28,HIT_STOP_LOSS,10.91,BULL_SLOPE_50,2025-12-17,6,-2.42
2025-12-10,JWL,252.7,268.19,6118.55,6.13,285958.83,HIT_TARGET,10.4,BULL_SLOPE_50,2025-12-22,7,-2.19
2025-12-10,HUDCO,211.06,229.12,8542.38,8.56,294501.21,HIT_TARGET,10.4,BULL_SLOPE_50,2025-12-29,10,-2.22
2025-12-26,SUNPHARMA,1719.5,1782.96,3680.68,3.69,298181.89,HIT_TARGET,9.15,BULL_SLOPE_50,2026-01-06,6,-2.16
2025-12-29,SUNPHARMA,1719.5,1782.96,3680.68,3.69,301862.57,HIT_TARGET,9.68,BULL_SLOPE_50,2026-01-06,6,-2.16
2026-01-02,ITC,350.05,341.01,-2577.82,-2.58,299284.74,HIT_STOP_LOSS,9.45,BULL_SLOPE_50,2026-01-05,1,-3.34
2026-01-05,ITC,350.05,341.01,-2577.82,-2.58,296706.92,HIT_STOP_LOSS,10.02,BULL_SLOPE_50,2026-01-05,1,-3.34
2026-01-20,ADANIENT,2055.1,2008.78,-2223.36,-2.25,294483.56,HIT_STOP_LOSS,13.78,BEAR_FLAT_50,2026-01-20,1,-2.89
2026-02-04,INFY,1535.8,1489.88,-2984.8,-2.99,291498.76,HIT_STOP_LOSS,12.17,BEAR_FLAT_50,2026-02-05,2,-2.82
2026-03-04,SUZLON,39.93,43.12,7982.75,7.98,299481.51,HIT_TARGET,17.86,BEAR_FLAT_50,2026-03-11,5,-2.47
2026-03-04,JWL,248.85,273.49,9880.64,9.9,309362.15,HIT_TARGET,17.86,BEAR_FLAT_50,2026-03-05,2,-2.42
2026-03-04,HDFCBANK,868.65,851.92,-1923.38,-1.93,307438.77,HIT_STOP_LOSS,17.86,BEAR_FLAT_50,2026-03-09,3,-2.46
2026-03-04,NIFTY,24480.5,24101.62,-1515.52,-1.55,305923.25,HIT_STOP_LOSS,17.86,BEAR_FLAT_50,2026-03-09,3,-3.24
2026-03-04,HUDCO,176.15,168.62,-4267.24,-4.27,301656.01,HIT_STOP_LOSS,17.86,BEAR_FLAT_50,2026-03-23,11,-2.85
2026-03-04,RELIANCE,1345.0,1414.74,5160.76,5.19,306816.77,HIT_TARGET,17.86,BEAR_FLAT_50,2026-03-05,2,-2.54
2026-03-06,ICICIBANK,1313.4,1283.62,-2263.28,-2.27,304553.49,HIT_STOP_LOSS,19.88,BEAR_FLAT_50,2026-03-11,3,-2.93
2026-03-06,NIFTY,24450.45,24035.83,-1658.46,-1.7,302895.03,HIT_STOP_LOSS,19.88,BEAR_FLAT_50,2026-03-10,2,-2.31
2026-03-09,ICICIBANK,1313.4,1283.62,-2263.28,-2.27,300631.75,HIT_STOP_LOSS,18.91,BEAR_FLAT_50,2026-03-11,3,-2.93
2026-03-09,NIFTY,24450.45,24035.83,-1658.46,-1.7,298973.29,HIT_STOP_LOSS,18.91,BEAR_FLAT_50,2026-03-10,2,-2.31
2026-03-10,ADANIENT,1996.5,1910.47,-4301.5,-4.31,294671.79,HIT_STOP_LOSS,21.06,BEAR_FLAT_50,2026-03-23,8,-2.47
2026-03-10,ICICIBANK,1311.9,1284.83,-2057.32,-2.06,292614.47,HIT_STOP_LOSS,21.06,BEAR_FLAT_50,2026-03-11,2,-2.49
2026-03-10,NIFTY,24261.6,23837.92,-1694.7,-1.75,290919.77,HIT_STOP_LOSS,21.06,BEAR_FLAT_50,2026-03-10,1,-2.23
2026-03-11,AXISBANK,1255.8,1222.32,-2644.92,-2.67,288274.85,HIT_STOP_LOSS,21.52,BEAR_FLAT_50,2026-03-12,2,-2.84
2026-03-11,ADANIENT,1974.7,1904.71,-3499.5,-3.54,284775.35,HIT_STOP_LOSS,21.52,BEAR_FLAT_50,2026-03-23,7,-2.23
2026-03-11,ICICIBANK,1294.6,1269.27,-1950.41,-1.96,282824.94,HIT_STOP_LOSS,21.52,BEAR_FLAT_50,2026-03-11,1,-2.39
2026-03-11,NIFTY,23866.85,23444.39,-1689.84,-1.77,281135.1,HIT_STOP_LOSS,21.52,BEAR_FLAT_50,2026-03-12,2,-2.37
2026-03-12,ICICIBANK,1266.5,1240.23,-2049.06,-2.07,279086.04,HIT_STOP_LOSS,22.64,BEAR_FLAT_50,2026-03-23,6,-2.45
2026-03-12,NIFTY,23639.15,23198.77,-1761.54,-1.86,277324.5,HIT_STOP_LOSS,22.64,BEAR_FLAT_50,2026-03-12,1,-2.22
2026-03-13,AXISBANK,1197.3,1160.53,-3051.91,-3.07,274272.59,HIT_STOP_LOSS,22.64,BEAR_FLAT_50,2026-04-01,9,-2.64
2026-03-13,NIFTY,23151.1,22675.23,-1903.48,-2.06,272369.11,HIT_STOP_LOSS,22.64,BEAR_FLAT_50,2026-03-23,5,-2.32
2026-03-16,AXISBANK,1197.3,1160.53,-3051.91,-3.07,269317.2,HIT_STOP_LOSS,19.79,BEAR_FLAT_50,2026-04-01,9,-2.64
2026-03-16,NIFTY,23151.1,22675.23,-1903.48,-2.06,267413.72,HIT_STOP_LOSS,19.79,BEAR_FLAT_50,2026-03-23,5,-2.32
2026-04-06,SUNPHARMA,1693.6,1645.52,-2836.72,-2.84,264577.0,HIT_STOP_LOSS,24.7,BEAR_FLAT_50,2026-04-09,4,-2.29
2026-04-07,RELIANCE,1304.6,1390.84,6554.24,6.61,271131.24,HIT_TARGET,19.7,BEAR_FLAT_50,2026-04-27,11,-2.82
2026-04-10,SUNPHARMA,1654.9,1747.56,5559.6,5.6,276690.84,HIT_TARGET,18.85,BEAR_FLAT_50,2026-04-27,8,-2.31
2026-04-13,SUNPHARMA,1654.9,1747.56,5559.6,5.6,282250.44,HIT_TARGET,20.5,BEAR_FLAT_50,2026-04-27,8,-2.31
2026-04-14,SUNPHARMA,1654.9,1747.56,5559.6,5.6,287810.04,HIT_TARGET,18.67,BEAR_FLAT_50,2026-04-27,8,-2.31
2026-04-28,INFY,1152.1,1104.88,-4060.92,-4.1,283749.12,HIT_STOP_LOSS,17.44,BEAR_FLAT_50,2026-05-13,9,-2.34
